GROUP,PACKAGE,CLASS,INSTRUCTION_MISSED,INSTRUCTION_COVERED,BRANCH_MISSED,BRANCH_COVERED,LINE_MISSED,LINE_COVERED,COMPLEXITY_MISSED,COMPLEXITY_COVERED,METHOD_MISSED,METHOD_COVERED
StackAr,org.autotest.mutantGenerator.operators.binary,ConditionalsBoundaryMutator,87,0,9,0,21,0,11,0,5,0
StackAr,org.autotest.mutantGenerator.operators.binary,MathMutator,129,0,16,0,28,0,18,0,5,0
StackAr,org.autotest.mutantGenerator.operators.binary,NegateConditionsMutator,99,0,11,0,23,0,13,0,5,0
StackAr,org.autotest.helpers,UnaryOperatorKindToString,22,0,7,0,9,0,8,0,2,0
StackAr,org.autotest.helpers,BinaryOperatorKindToString,46,0,19,0,21,0,20,0,2,0
StackAr,org.autotest.mutantGenerator.operators.unary,IncrementsMutator,87,0,9,0,21,0,11,0,5,0
StackAr,org.autotest,Stack,0,3,0,0,0,1,0,1,0,1
StackAr,org.autotest,StackAr,69,174,12,24,16,46,9,21,2,10
StackAr,org.autotest.mutantGenerator.operators.conditionals,TrueConditionalsMutator,45,0,4,0,14,0,6,0,4,0
StackAr,org.autotest.mutantGenerator.operators.conditionals,FalseConditionalsMutator,45,0,4,0,14,0,6,0,4,0
StackAr,org.autotest.mutantGenerator,Main,105,0,6,0,29,0,6,0,3,0
StackAr,org.autotest.mutantGenerator,MutantsGenerator,64,0,2,0,16,0,4,0,3,0
StackAr,org.autotest.mutantGenerator,Mutant,131,0,6,0,25,0,8,0,5,0
StackAr,org.autotest.mutantGenerator.operators.returns,TrueReturnsMutator,81,0,6,0,21,0,9,0,6,0
StackAr,org.autotest.mutantGenerator.operators.returns,EmptyReturnsMutator,95,0,7,0,22,0,10,0,6,0
StackAr,org.autotest.mutantGenerator.operators.returns,NullReturnsMutator,81,0,6,0,21,0,9,0,6,0
StackAr,org.autotest.mutantGenerator.operators.returns,FalseReturnsMutator,81,0,6,0,21,0,9,0,6,0
StackAr,org.autotest.mutants,StackArMutated4608,188,48,30,4,49,12,23,6,7,5
StackAr,org.autotest.mutants,StackArMutated1336,115,120,18,16,28,33,14,15,2,10
StackAr,org.autotest.mutants,StackArMutated1853,69,174,12,24,17,46,9,21,2,10
StackAr,org.autotest.mutants,StackArMutated2788,151,85,25,9,40,21,19,10,5,7
StackAr,org.autotest.mutants,StackArMutated4688,67,169,11,23,16,45,8,21,2,10
StackAr,org.autotest.mutants,StackArMutated2902,187,57,29,7,49,14,22,8,7,5
StackAr,org.autotest.mutants,StackArMutated8015,227,9,34,0,57,3,28,1,11,1
StackAr,org.autotest.mutants,StackArMutated5265,187,56,29,7,49,14,22,8,7,5
StackAr,org.autotest.mutants,StackArMutated6157,113,105,17,13,27,29,13,14,2,10
StackAr,org.autotest.mutants,StackArMutated7204,151,91,26,10,40,23,19,11,4,8
StackAr,org.autotest.mutants,StackArMutated9381,244,0,36,0,63,0,30,0,12,0
StackAr,org.autotest.mutants,StackArMutated3166,193,50,31,5,50,13,24,6,7,5
StackAr,org.autotest.mutants,StackArMutated2350,192,48,31,5,50,13,24,6,7,5
StackAr,org.autotest.mutants,StackArMutated2955,89,154,15,21,22,41,11,19,2,10
StackAr,org.autotest.mutants,StackArMutated74,113,101,17,11,27,27,13,13,2,10
StackAr,org.autotest.mutants,StackArMutated1224,69,174,13,23,17,46,10,20,2,10
StackAr,org.autotest.mutants,StackArMutated3248,67,171,11,23,16,45,8,21,2,10
StackAr,org.autotest.mutants,StackArMutated1344,187,57,29,7,49,14,22,8,7,5
StackAr,org.autotest.mutants,StackArMutated9749,237,0,34,0,61,0,29,0,12,0
StackAr,org.autotest.mutants,StackArMutated7209,69,167,12,22,17,44,9,20,2,10
StackAr,org.autotest.mutants,StackArMutated208,122,122,20,16,30,33,15,15,2,10
StackAr,org.autotest.mutants,StackArMutated6440,69,168,12,22,17,44,9,20,2,10
StackAr,org.autotest.mutants,StackArMutated249,89,154,15,21,22,41,11,19,2,10
StackAr,org.autotest.mutants,StackArMutated3091,73,170,13,23,18,45,10,20,2,10
StackAr,org.autotest.mutants,StackArMutated8464,69,174,12,24,17,46,9,21,2,10
StackAr,org.autotest.mutants,StackArMutated9795,122,121,20,16,30,33,15,15,2,10
StackAr,org.autotest.mutants,StackArMutated5079,194,33,31,3,50,9,24,5,8,4
StackAr,org.autotest.mutants,StackArMutated6488,113,123,17,17,27,34,13,16,2,10
StackAr,org.autotest.mutants,StackArMutated8426,89,154,15,21,22,41,11,19,2,10
StackAr,org.autotest.mutants,StackArMutated1991,106,126,16,18,26,34,12,17,2,10
StackAr,org.autotest.mutants,StackArMutated1153,69,174,12,24,17,46,9,21,2,10
StackAr,org.autotest.mutants,StackArMutated3254,69,175,13,23,17,46,10,20,2,10
StackAr,org.autotest.mutants,StackArMutated1636,151,92,26,10,40,23,19,11,4,8
StackAr,org.autotest.mutants,StackArMutated1878,69,174,12,24,17,46,9,21,2,10
StackAr,org.autotest.mutants,StackArMutated1673,69,174,12,24,17,46,9,21,2,10
StackAr,org.autotest.mutants,StackArMutated5999,140,96,24,10,36,25,17,12,3,9
StackAr,org.autotest.mutants,StackArMutated9919,69,174,12,24,17,46,9,21,2,10
StackAr,org.autotest.mutants,StackArMutated6890,206,37,32,4,53,10,25,5,8,4
StackAr,org.autotest.mutants,StackArMutated8433,133,106,22,12,33,28,16,13,2,10
StackAr,org.autotest.mutants,StackArMutated7585,89,154,15,21,22,41,11,19,2,10
StackAr,org.autotest.mutants,StackArMutated5321,69,172,12,22,17,45,9,20,2,10
StackAr,org.autotest.mutants,StackArMutated7225,69,174,13,23,17,46,10,20,2,10
StackAr,org.autotest.mutants,StackArMutated916,115,128,18,18,28,35,14,16,2,10
StackAr,org.autotest.mutants,StackArMutated4750,140,103,24,12,35,28,17,13,2,10
StackAr,org.autotest.mutants,StackArMutated9724,163,80,26,10,43,20,20,10,5,7
StackAr,org.autotest.mutants,StackArMutated8313,147,96,26,10,38,25,18,12,3,9
StackAr,org.autotest.mutants,StackArMutated8435,142,101,25,11,36,27,17,13,2,10
StackAr,org.autotest.mutants,StackArMutated8471,69,174,12,24,17,46,9,21,2,10
StackAr,org.autotest.mutants,StackArMutated97,145,98,25,11,39,24,19,11,5,7
StackAr,org.autotest.mutants,StackArMutated2930,97,126,16,18,24,34,12,17,2,10
StackAr,org.autotest.mutants,StackArMutated4756,73,171,13,23,18,45,10,20,2,10
StackAr,org.autotest.mutants,StackArMutated6812,89,154,15,21,22,41,11,19,2,10
StackAr,org.autotest.mutants,StackArMutated8123,243,0,36,0,63,0,30,0,12,0
StackAr,org.autotest.mutants,StackArMutated9977,193,50,31,5,50,13,24,6,7,5
StackAr,org.autotest.mutants,StackArMutated8402,193,50,31,5,50,13,24,6,7,5
StackAr,org.autotest.mutants,StackArMutated1011,69,174,12,24,17,46,9,21,2,10
StackAr,org.autotest.mutants,StackArMutated8040,111,98,16,10,26,26,12,13,2,10
StackAr,org.autotest.mutants,StackArMutated2582,206,37,32,4,53,10,25,5,8,4
StackAr,org.autotest.mutants,StackArMutated6020,113,115,17,15,27,32,13,15,2,10
StackAr,org.autotest.mutants,StackArMutated9130,69,174,12,24,17,46,9,21,2,10
StackAr,org.autotest.mutants,StackArMutated267,214,29,33,3,55,8,26,4,9,3
StackAr,org.autotest.mutantGenerator.operators.constants,ZeroConstantMutator,74,0,8,0,19,0,8,0,4,0
StackAr,org.autotest.mutantGenerator.operators.constants,OneConstantMutator,74,0,8,0,19,0,8,0,4,0
StackAr,org.autotest.mutantGenerator.operators.constants,MinusOneConstantMutator,77,0,8,0,22,0,9,0,5,0
StackAr,org.autotest.mutantGenerator.operators,MutationOperator,117,0,12,0,25,0,10,0,4,0
